{"Milk option": {"AABB": 109, "ESCS": 224, "ALYN": 431, "TMNT": 436, "USIA": 500, "IVAR": 510, "BCDE": 518, "CMAS": 526, "SEVE": 527, "CERN": 597, "INCE": 924, "FINA": 940, "GSIX": 954, "WWII": 957, "ESOP": 978}, "5x5 crossword puzzle": {"RAFA": 12, "LINC": 49, "TAMI": 63, "BAYH": 189, "ALYN": 196, "HERC": 239, "MOSE": 277, "FALK": 287, "RULA": 304, "ARYA": 307, "CAIT": 314, "RIPA": 364, "HODA": 388, "MASA": 429, "BROM": 432, "TALA": 435, "FENN": 436, "JAYZ": 471, "RAFE": 680, "IVER": 762, "ILER": 763, "KASI": 782, "VERE": 791, "BOLE": 822, "LEGG": 847, "DODI": 924, "LEEJ": 935, "CRIS": 941, "IVEY": 946, "RALF": 955, "ONZE": 988}, "___ Monsoon, drag queen who has won two seasons of \"RuPauls Drag Race\"": {"LOHAN": 0, "ARKIN": 85, "CROCE": 109, "TRACI": 129, "JAFFE": 153, "HEDER": 188, "ALANA": 192, "IRVIN": 223, "JONZE": 241, "LIDDY": 313, "ROARK": 318, "TRUDI": 330, "VERNA": 380, "STIEG": 383, "SPYRI": 412, "CELIE": 413, "JEANE": 426, "MEGYN": 441, "MCCAY": 453, "VIRNA": 459, "PEART": 505, "EGGAR": 771, "LURIE": 784, "FALCO": 929, "AKINS": 937, "KLINE": 971, "ISSAD": 985, "SIMMS": 990}, "Word in some shoppe names": {"ATOI": 29, "AHEN": 78, "EUSE": 94, "ASON": 198, "ESCS": 263, "IT'S": 304, "IBOS": 364, "OTOH": 372, "ETHS": 439, "EDHS": 453, "ORSE": 518, "ASES": 573, "ALKA": 621, "IACT": 638, "CEPS": 653, "OHME": 748, "CYDS": 809, "PTAS": 818, "REGD": 884, "SAES": 885, "TMNT": 894, "IVOR": 927, "OFEM": 970, "ITES": 988}, "Bit on a friendship bracele": {"GERI": 9, "KONY": 36, "ESCS": 47, "LUCI": 69, "ATCO": 79, "CERE": 168, "LACI": 349, "SHEL": 359, "RALF": 418, "DIAN": 419, "NYSA": 468, "IVOR": 517, "NONA": 550, "GENA": 635, "HERC": 661, "ABBR": 662, "CITO": 715, "SEVE": 717, "CITI": 795, "MOSE": 822, "CERT": 837}, "\"The ) of :-)\"": {"ALCOA": 63, "CLETE": 126, "ORMAN": 127, "HAVER": 151, "PARKE": 234, "SHERI": 242, "ROARK": 296, "ALBEN": 349, "ORVIS": 372, "ALVAR": 424, "FELTS": 454, "ENRON": 472, "MARGO": 531, "SACHA": 548, "IEXAM": 563, "SHERO": 565, "ALFRE": 566, "ORKIN": 611, "INGER": 632, "STROM": 642, "ALKIE": 687, "ELINA": 688, "TRUDI": 690, "MOCHI": 698, "AUDRA": 707, "ELMAN": 731, "BIOME": 738, "CRYER": 749, "DENCH": 754, "COMEX": 793, "ELKIN": 799, "OAKIE": 806, "ALDEN": 867, "TRINA": 889, "CAR54": 892}, "Sorta": {"BEENE": 35, "NUTRA": 62, "PARKE": 64, "ABACA": 78, "CHARD": 80, "NUDUM": 95, "NEMAT": 96, "EMORY": 170, "OAKUM": 342, "COPRA": 354, "HIERO": 390, "ELINA": 516, "ALGAL": 541, "ISSEL": 560, "LEGGS": 635, "AGARS": 639, "ISHAM": 655, "TRUDI": 659, "BULBS": 660, "ETNAS": 686, "CAR54": 711, "ELEMI": 772, "KALES": 798, "ORNAN": 807, "NITER": 866, "UTHER": 879, "SHANA": 891, "TRACI": 972}, "Signed, as a contract": {"SHEMP": 4, "HBOMB": 10, "TRINA": 40, "EPACT": 64, "BONET": 67, "ORURO": 84, "CISSY": 86, "NACIO": 205, "MONAE": 214, "EYDIE": 218, "ARIZA": 299, "MANNY": 363, "HIMBO": 376, "CHICO": 383, "PETCO": 395, "MARTI": 420, "THEWB": 487, "JAROD": 489, "CONVY": 492, "TAMMI": 513, "FIRPO": 519, "DESIS": 522, "LEMAT": 523, "GOBEL": 612, "NOJOY": 772, "WEEMS": 774, "KREBS": 812, "WAITE": 869, "CEQUI": 904, "CARON": 910, "SUZIE": 921, "THECW": 962, "NOMAR": 988, "VIRNA": 997}, "A little bit of this, a little bit of that": {"ASC": 159, "LAA": 160, "SWC": 771, "NCC": 994, "TEG": 995}, "What pays the bills": {"AT1": 14, "WW2": 15, "3RS": 46, "WWI": 47, "QE2": 116, "IBA": 129, "TEG": 221, "7BC": 224, "OO7": 229, "RSA": 230, "OHI": 255, "SSI": 310, "CCC": 563, "XXI": 612, "DPI": 619, "IGA": 651, "IBC": 775, "AYN": 787, "ZEB": 926}}