{"Milk option": {"AABB": 109, "ESCS": 224, "ALYN": 431, "TMNT": 436, "USIA": 500, "IVAR": 510, "BCDE": 518, "CMAS": 526, "SEVE": 527, "CERN": 597, "SKIM": 0}, "5x5 crossword puzzle": {"RAFA": 12, "LINC": 49, "TAMI": 63, "BAYH": 189, "ALYN": 196, "HERC": 239, "MOSE": 277, "FALK": 287, "RULA": 304, "ARYA": 307, "MINI": 0}, "___ Monsoon, drag queen who has won two seasons of \"RuPauls Drag Race\"": {"LOHAN": 0, "ARKIN": 85, "CROCE": 109, "TRACI": 129, "JAFFE": 153, "HEDER": 188, "ALANA": 192, "IRVIN": 223, "JONZE": 241, "LIDDY": 313, "JINKX": 0}, "Word in some shoppe names": {"ATOI": 29, "AHEN": 78, "EUSE": 94, "ASON": 198, "ESCS": 263, "IT'S": 304, "IBOS": 364, "OTOH": 372, "ETHS": 439, "EDHS": 453, "OLDE": 0}, "Bit on a friendship bracele": {"GERI": 9, "KONY": 36, "ESCS": 47, "LUCI": 69, "ATCO": 79, "CERE": 168, "LACI": 349, "SHEL": 359, "RALF": 418, "DIAN": 419, "BEAD": 0}, "\"The ) of :-)\"": {"ALCOA": 63, "CLETE": 126, "ORMAN": 127, "HAVER": 151, "PARKE": 234, "SHERI": 242, "ROARK": 296, "ALBEN": 349, "ORVIS": 372, "ALVAR": 424, "SMILE": 0}, "Sorta": {"BEENE": 35, "NUTRA": 62, "PARKE": 64, "ABACA": 78, "CHARD": 80, "NUDUM": 95, "NEMAT": 96, "EMORY": 170, "OAKUM": 342, "COPRA": 354, "KINDA": 0}, "Signed, as a contract": {"SHEMP": 4, "HBOMB": 10, "TRINA": 40, "EPACT": 64, "BONET": 67, "ORURO": 84, "CISSY": 86, "NACIO": 205, "MONAE": 214, "EYDIE": 218, "INKED": 0}, "A little bit of this, a little bit of that": {"ASC": 159, "LAA": 160, "SWC": 771, "NCC": 994, "TEG": 995, "MIX": 0}, "What pays the bills": {"AT1": 14, "WW2": 15, "3RS": 46, "WWI": 47, "QE2": 116, "IBA": 129, "TEG": 221, "7BC": 224, "OO7": 229, "RSA": 230, "JOB": 0}}